filename,sp,sent,selection,spectral_centroid_mean,spectral_bandwidth_mean,spectral_contrast_mean,spectral_flatness_mean,spectral_rolloff_mean,zero_crossing_rate_mean,spectral_centroid_std,spectral_bandwidth_std,spectral_contrast_std,spectral_flatness_std,spectral_rolloff_std,zero_crossing_rate_std
02_test_001.wav,02,001,0,3944.4314231217513,1904.3920114472278,15.387487479357215,0.08653982053079677,6073.037037037037,0.4325462962962963,1395.5065522608877,379.11700759447507,3.4157199331042993,0.0842559900153516,1211.8790271334988,0.21974379586148937
03_test_002.wav,03,002,0,6537.91992605518,5901.238541755741,12.390416379870475,0.10478318923281157,13829.857902986303,0.1805017048891822,1588.5254910081587,1090.28978874858,2.6432539491898437,0.05739792353384207,3225.605885909109,0.08290812846255635
03_test_001.wav,03,001,0,2863.594956619307,1962.16669325432,13.054153764445063,0.10534358000951867,4985.364806866953,0.290568669527897,1430.4050098573475,379.93862575831895,2.4006182621175323,0.10245555695590126,1573.1372853054168,0.22229036902221477
01_test_002.wav,01,002,0,3008.635565545228,2852.5317803024604,14.804615354031109,0.014961353042011316,4849.956536119544,0.09820716793595333,1361.6649759884845,1016.8012337718393,2.306980347823839,0.025661563987272044,2311.0757429539317,0.053005242123164764
01_test_001.wav,01,001,0,3736.3835460874234,3381.9057114489465,13.204629032424322,0.0647341765707036,6227.741659020878,0.12115294726210073,1771.431929602418,1204.259830614059,2.03855576959724,0.16963060909146693,3146.447434556066,0.06574754412519601
